id;red;green;blue;choice;date;ip
306;230;60;0;1;2024-01-18 13:10:33;10.229.253.87
307;237;0;168;2;2024-01-18 13:10:35;10.229.253.87
308;95;84;251;11;2024-01-18 13:10:38;10.229.253.87
309;210;29;86;14;2024-01-18 13:10:40;10.229.253.87
310;67;171;208;3;2024-01-18 13:10:42;10.229.253.87
311;119;216;150;5;2024-01-18 13:10:47;10.229.253.36
312;93;121;216;11;2024-01-18 13:10:49;10.229.253.36
313;81;194;155;5;2024-01-18 13:10:52;10.229.253.36
314;208;244;48;4;2024-01-18 13:10:53;10.229.253.36
315;37;10;89;10;2024-01-18 13:10:55;10.229.253.36
316;84;47;108;10;2024-01-18 13:10:56;10.229.253.36
317;77;74;114;8;2024-01-18 13:11:00;10.229.253.36
318;121;213;216;3;2024-01-18 13:11:02;10.229.253.36
319;164;71;84;6;2024-01-18 13:11:03;10.229.253.87
320;220;150;229;10;2024-01-18 13:11:09;10.229.253.87
321;235;41;89;2;2024-01-18 13:11:09;10.229.253.36
322;56;215;195;3;2024-01-18 13:11:10;10.229.253.100
323;1;74;66;13;2024-01-18 13:11:11;10.229.253.36
324;15;18;6;15;2024-01-18 13:11:13;10.229.253.36
325;162;99;141;2;2024-01-18 13:11:14;10.229.253.87
326;254;153;82;1;2024-01-18 13:11:16;10.229.253.36
327;60;15;247;11;2024-01-18 13:11:16;10.229.253.87
328;141;186;143;5;2024-01-18 13:11:16;10.229.253.100
329;254;235;143;4;2024-01-18 13:11:17;10.229.253.71
330;109;23;156;10;2024-01-18 13:11:17;10.229.253.100
331;110;129;35;13;2024-01-18 13:11:19;10.229.253.87
332;177;192;38;4;2024-01-18 13:11:19;10.229.253.61
333;227;193;171;6;2024-01-18 13:11:19;10.229.253.100
334;189;170;233;2;2024-01-18 13:11:20;10.229.253.36
335;115;226;81;5;2024-01-18 13:11:21;10.229.253.36
336;74;100;120;7;2024-01-18 13:11:21;10.229.253.87
337;42;138;11;13;2024-01-18 13:11:21;10.229.253.61
338;196;93;202;2;2024-01-18 13:11:22;10.229.253.71
339;85;241;41;5;2024-01-18 13:11:22;10.229.253.36
340;228;3;190;2;2024-01-18 13:11:22;10.229.253.47
341;57;74;200;11;2024-01-18 13:11:23;10.229.253.60
342;184;10;136;2;2024-01-18 13:11:23;10.229.253.87
343;112;80;153;10;2024-01-18 13:11:23;10.229.253.71
344;14;244;149;5;2024-01-18 13:11:23;10.229.253.12
345;178;132;34;12;2024-01-18 13:11:23;10.229.253.100
346;226;245;159;4;2024-01-18 13:11:24;10.229.253.87
347;100;210;183;3;2024-01-18 13:11:24;10.229.253.60
348;12;231;6;5;2024-01-18 13:11:24;10.229.253.100
349;119;30;145;10;2024-01-18 13:11:25;10.229.253.71
350;98;67;35;12;2024-01-18 13:11:25;10.229.253.81
351;104;93;106;7;2024-01-18 13:11:25;10.229.253.12
352;164;118;233;10;2024-01-18 13:11:25;10.229.253.87
353;80;124;205;11;2024-01-18 13:11:25;10.229.253.61
354;85;246;13;5;2024-01-18 13:11:26;10.229.253.12
355;228;178;185;6;2024-01-18 13:11:26;10.229.253.47
356;25;157;128;3;2024-01-18 13:11:26;10.229.253.26
357;217;150;95;6;2024-01-18 13:11:26;10.229.253.100
358;157;58;212;10;2024-01-18 13:11:26;10.229.253.87
359;216;1;189;2;2024-01-18 13:11:26;10.229.253.71
360;142;125;226;10;2024-01-18 13:11:26;10.229.253.36
361;140;106;79;12;2024-01-18 13:11:28;10.229.253.61
362;38;91;180;11;2024-01-18 13:11:28;10.229.253.71
363;196;36;86;2;2024-01-18 13:11:28;10.229.253.26
364;208;139;169;6;2024-01-18 13:11:28;10.229.253.60
365;33;25;110;11;2024-01-18 13:11:28;10.229.253.81
366;235;174;78;1;2024-01-18 13:11:28;10.229.253.100
367;173;246;103;5;2024-01-18 13:11:28;10.229.253.12
368;235;140;181;6;2024-01-18 13:11:29;10.229.253.61
369;101;223;33;5;2024-01-18 13:11:29;10.229.253.26
370;235;132;185;6;2024-01-18 13:11:29;10.229.253.87
371;157;99;68;12;2024-01-18 13:11:29;10.229.253.36
372;230;198;119;4;2024-01-18 13:11:29;10.229.253.12
373;124;201;249;3;2024-01-18 13:11:29;10.229.253.60
374;235;174;78;1;2024-01-18 13:11:30;10.229.253.100
375;216;32;55;14;2024-01-18 13:11:30;10.229.253.87
376;209;55;240;2;2024-01-18 13:11:30;10.229.253.61
377;113;219;22;5;2024-01-18 13:11:30;10.229.253.81
378;214;140;103;6;2024-01-18 13:11:30;10.229.253.26
379;197;104;174;2;2024-01-18 13:11:31;10.229.253.12
380;57;161;55;5;2024-01-18 13:11:31;10.229.253.60
381;19;62;115;11;2024-01-18 13:11:31;10.229.253.100
382;76;22;111;10;2024-01-18 13:11:31;10.229.253.87
383;63;21;169;10;2024-01-18 13:11:31;10.229.253.36
384;44;253;204;3;2024-01-18 13:11:32;10.229.253.60
385;22;14;137;11;2024-01-18 13:11:32;10.229.253.12
386;76;22;111;10;2024-01-18 13:11:33;10.229.253.87
387;218;113;110;6;2024-01-18 13:11:33;10.229.253.100
388;89;176;131;3;2024-01-18 13:11:33;10.229.253.26
389;74;185;135;3;2024-01-18 13:11:34;10.229.253.12
390;233;14;85;2;2024-01-18 13:11:34;10.229.253.100
391;76;82;173;11;2024-01-18 13:11:35;10.229.253.87
392;227;35;67;14;2024-01-18 13:11:35;10.229.253.60
393;102;201;54;5;2024-01-18 13:11:35;10.229.253.12
394;2;116;118;3;2024-01-18 13:11:36;10.229.253.61
395;47;117;219;11;2024-01-18 13:11:36;10.229.253.26
396;33;20;117;11;2024-01-18 13:11:36;10.229.253.60
397;43;56;164;11;2024-01-18 13:11:36;10.229.253.87
398;252;72;54;14;2024-01-18 13:11:37;10.229.253.12
399;99;80;87;8;2024-01-18 13:11:37;10.229.253.71
400;3;221;11;5;2024-01-18 13:11:37;10.229.253.26
401;212;76;197;2;2024-01-18 13:11:37;10.229.253.61
402;1;19;252;11;2024-01-18 13:11:38;10.229.253.26
403;78;39;103;10;2024-01-18 13:11:38;10.229.253.87
404;94;78;135;10;2024-01-18 13:11:38;10.229.253.60
405;73;195;30;5;2024-01-18 13:11:38;10.229.253.61
406;205;53;17;1;2024-01-18 13:11:39;10.229.253.71
407;105;61;89;2;2024-01-18 13:11:39;10.229.253.81
408;95;149;213;3;2024-01-18 13:11:39;10.229.253.12
409;173;227;7;5;2024-01-18 13:11:40;10.229.253.87
410;98;39;215;10;2024-01-18 13:11:40;10.229.253.26
411;14;158;53;13;2024-01-18 13:11:40;10.229.253.81
412;138;224;81;5;2024-01-18 13:11:40;10.229.253.12
413;88;99;14;13;2024-01-18 13:11:40;10.229.253.61
414;105;245;15;5;2024-01-18 13:11:40;10.229.253.60
415;180;221;179;5;2024-01-18 13:11:41;10.229.253.71
416;232;87;51;1;2024-01-18 13:11:41;10.229.253.87
417;232;54;128;2;2024-01-18 13:11:41;10.229.253.26
418;156;236;53;5;2024-01-18 13:11:42;10.229.253.61
419;7;8;64;11;2024-01-18 13:11:42;10.229.253.60
420;2;116;147;3;2024-01-18 13:11:42;10.229.253.87
421;14;117;99;13;2024-01-18 13:11:43;10.229.253.12
422;39;183;20;5;2024-01-18 13:11:43;10.229.253.47
423;229;195;119;4;2024-01-18 13:11:43;10.229.253.100
424;78;124;120;3;2024-01-18 13:11:43;10.229.253.60
425;102;47;160;10;2024-01-18 13:11:44;10.229.253.36
426;119;26;58;2;2024-01-18 13:11:44;10.229.253.71
427;173;71;92;6;2024-01-18 13:11:44;10.229.253.87
428;214;51;153;2;2024-01-18 13:11:44;10.229.253.61
429;106;227;148;5;2024-01-18 13:11:45;10.229.253.47
430;193;3;154;2;2024-01-18 13:11:45;10.229.253.60
431;74;150;191;3;2024-01-18 13:11:45;10.229.253.87
432;62;99;129;3;2024-01-18 13:11:46;10.229.253.71
433;91;134;236;3;2024-01-18 13:11:46;10.229.253.81
434;94;160;93;5;2024-01-18 13:11:46;10.229.253.60
435;71;71;73;7;2024-01-18 13:11:46;10.229.253.100
436;215;56;195;2;2024-01-18 13:11:47;10.229.253.47
437;99;62;164;10;2024-01-18 13:11:47;10.229.253.71
438;124;203;30;5;2024-01-18 13:11:47;10.229.253.100
439;246;184;58;4;2024-01-18 13:11:48;10.229.253.26
440;10;223;167;5;2024-01-18 13:11:48;10.229.253.87
441;74;185;101;5;2024-01-18 13:11:49;10.229.253.47
442;9;57;181;11;2024-01-18 13:11:49;10.229.253.36
443;163;47;121;2;2024-01-18 13:11:49;10.229.253.60
444;244;144;115;6;2024-01-18 13:11:49;10.229.253.61
445;21;102;136;11;2024-01-18 13:11:50;10.229.253.81
446;204;150;69;1;2024-01-18 13:11:50;10.229.253.100
447;107;119;144;7;2024-01-18 13:11:50;10.229.253.87
448;182;223;111;5;2024-01-18 13:11:50;10.229.253.60
449;2;203;65;5;2024-01-18 13:11:50;10.229.253.61
450;34;186;18;5;2024-01-18 13:11:51;10.229.253.87
451;36;192;97;5;2024-01-18 13:11:51;10.229.253.60
452;146;238;201;3;2024-01-18 13:11:51;10.229.253.100
453;85;215;69;5;2024-01-18 13:11:52;10.229.253.60
454;116;129;230;3;2024-01-18 13:11:52;10.229.253.12
455;167;98;243;10;2024-01-18 13:11:52;10.229.253.36
456;91;56;138;10;2024-01-18 13:11:52;10.229.253.87
457;202;105;217;10;2024-01-18 13:11:53;10.229.253.47
458;121;164;135;3;2024-01-18 13:11:53;10.229.253.61
459;129;197;36;5;2024-01-18 13:11:53;10.229.253.60
460;195;5;161;2;2024-01-18 13:11:54;10.229.253.87
461;9;173;129;5;2024-01-18 13:11:54;10.229.253.81
462;95;146;168;3;2024-01-18 13:11:54;10.229.253.100
463;16;190;16;13;2024-01-18 13:11:54;10.229.253.36
464;93;89;37;13;2024-01-18 13:11:54;10.229.253.60
465;97;182;189;3;2024-01-18 13:11:54;10.229.253.61
466;105;188;13;5;2024-01-18 13:11:55;10.229.253.100
467;148;49;125;2;2024-01-18 13:11:55;10.229.253.87
468;0;100;223;11;2024-01-18 13:11:55;10.229.253.36
469;60;55;190;11;2024-01-18 13:11:56;10.229.253.81
470;142;116;241;10;2024-01-18 13:11:56;10.229.253.12
471;199;92;47;1;2024-01-18 13:11:56;10.229.253.60
472;188;227;117;5;2024-01-18 13:11:56;10.229.253.100
473;151;245;202;3;2024-01-18 13:11:56;10.229.253.26
474;244;135;20;1;2024-01-18 13:11:56;10.229.253.61
475;230;70;249;2;2024-01-18 13:11:56;10.229.253.87
476;213;200;38;4;2024-01-18 13:11:57;10.229.253.81
477;48;39;151;11;2024-01-18 13:11:57;10.229.253.12
478;254;166;97;1;2024-01-18 13:11:57;10.229.253.47
479;188;227;117;5;2024-01-18 13:11:57;10.229.253.100
480;249;213;4;4;2024-01-18 13:11:57;10.229.253.81
481;14;200;200;3;2024-01-18 13:11:58;10.229.253.61
482;60;150;203;3;2024-01-18 13:11:58;10.229.253.12
483;50;39;28;15;2024-01-18 13:11:58;10.229.253.87
484;107;233;244;3;2024-01-18 13:11:58;10.229.253.47
485;241;53;72;14;2024-01-18 13:11:58;10.229.253.26
486;134;236;103;5;2024-01-18 13:11:58;10.229.253.100
487;232;129;58;1;2024-01-18 13:11:58;10.229.253.61
488;212;84;13;1;2024-01-18 13:11:59;10.229.253.12
489;90;14;39;2;2024-01-18 13:11:59;10.229.253.71
490;94;200;69;5;2024-01-18 13:11:59;10.229.253.60
491;63;49;105;10;2024-01-18 13:11:59;10.229.253.81
492;50;237;253;3;2024-01-18 13:11:59;10.229.253.61
493;223;121;107;6;2024-01-18 13:11:59;10.229.253.26
494;115;46;95;10;2024-01-18 13:12:00;10.229.253.87
495;178;81;156;2;2024-01-18 13:12:00;10.229.253.100
496;151;45;32;14;2024-01-18 13:12:00;10.229.253.12
497;59;96;64;13;2024-01-18 13:12:00;10.229.253.71
498;18;182;20;5;2024-01-18 13:12:00;10.229.253.61
499;30;101;76;13;2024-01-18 13:12:00;10.229.253.81
500;194;219;169;5;2024-01-18 13:12:00;10.229.253.36
501;173;154;6;4;2024-01-18 13:12:01;10.229.253.47
502;169;19;204;10;2024-01-18 13:12:01;10.229.253.100
503;193;78;111;2;2024-01-18 13:12:01;10.229.253.12
504;196;66;51;14;2024-01-18 13:12:01;10.229.253.61
505;90;43;144;10;2024-01-18 13:12:02;10.229.253.36
506;103;29;59;12;2024-01-18 13:12:02;10.229.253.87
507;84;150;54;13;2024-01-18 13:12:02;10.229.253.60
508;84;110;100;8;2024-01-18 13:12:02;10.229.253.81
509;187;36;43;14;2024-01-18 13:12:02;10.229.253.12
510;32;75;101;11;2024-01-18 13:12:03;10.229.253.71
511;156;57;16;1;2024-01-18 13:12:03;10.229.253.60
512;112;20;81;2;2024-01-18 13:12:03;10.229.253.100
513;179;43;74;14;2024-01-18 13:12:03;10.229.253.36
514;206;143;14;4;2024-01-18 13:12:03;10.229.253.12
515;19;71;22;13;2024-01-18 13:12:04;10.229.253.71
516;91;144;204;3;2024-01-18 13:12:04;10.229.253.81
517;109;195;190;3;2024-01-18 13:12:04;10.229.253.60
518;113;196;254;3;2024-01-18 13:12:04;10.229.253.47
519;95;138;240;3;2024-01-18 13:12:04;10.229.253.12
520;201;120;55;1;2024-01-18 13:12:05;10.229.253.36
521;110;144;115;5;2024-01-18 13:12:05;10.229.253.100
522;71;85;28;13;2024-01-18 13:12:05;10.229.253.60
523;78;46;187;10;2024-01-18 13:12:05;10.229.253.71
524;162;20;133;2;2024-01-18 13:12:05;10.229.253.12
525;19;68;121;11;2024-01-18 13:12:06;10.229.253.47
526;203;166;163;6;2024-01-18 13:12:06;10.229.253.26
527;155;206;42;5;2024-01-18 13:12:06;10.229.253.12
528;65;230;101;5;2024-01-18 13:12:06;10.229.253.71
529;252;49;169;2;2024-01-18 13:12:07;10.229.253.97
530;164;182;53;5;2024-01-18 13:12:07;10.229.253.36
531;32;25;108;11;2024-01-18 13:12:07;10.229.253.47
532;234;156;228;6;2024-01-18 13:12:07;10.229.253.81
533;105;250;201;3;2024-01-18 13:12:07;10.229.253.12
534;243;82;20;1;2024-01-18 13:12:08;10.229.253.26
535;199;219;117;4;2024-01-18 13:12:08;10.229.253.71
536;88;170;179;3;2024-01-18 13:12:08;10.229.253.36
537;3;70;250;11;2024-01-18 13:12:08;10.229.253.97
538;163;77;83;2;2024-01-18 13:12:08;10.229.253.100
539;244;108;28;1;2024-01-18 13:12:09;10.229.253.12
540;63;166;216;3;2024-01-18 13:12:09;10.229.253.60
541;66;57;89;10;2024-01-18 13:12:09;10.229.253.36
542;170;56;66;14;2024-01-18 13:12:09;10.229.253.81
543;250;37;232;2;2024-01-18 13:12:09;10.229.253.71
544;214;17;205;2;2024-01-18 13:12:09;10.229.253.100
545;128;59;193;10;2024-01-18 13:12:09;10.229.253.97
546;57;109;68;13;2024-01-18 13:12:09;10.229.253.12
547;37;99;45;13;2024-01-18 13:12:11;10.229.253.26
548;208;204;129;4;2024-01-18 13:12:11;10.229.253.100
549;139;234;241;3;2024-01-18 13:12:11;10.229.253.81
550;139;175;9;5;2024-01-18 13:12:11;10.229.253.71
551;177;34;172;2;2024-01-18 13:12:11;10.229.253.36
552;197;14;212;6;2024-01-18 13:12:12;10.229.253.60
553;14;235;146;5;2024-01-18 13:12:12;10.229.253.47
554;113;114;43;13;2024-01-18 13:12:12;10.229.253.12
555;121;215;33;5;2024-01-18 13:12:12;10.229.253.81
556;78;146;188;3;2024-01-18 13:12:12;10.229.253.100
557;21;162;67;13;2024-01-18 13:12:12;10.229.253.36
558;32;247;147;3;2024-01-18 13:12:13;10.229.253.26
559;25;92;7;13;2024-01-18 13:12:13;10.229.253.47
560;125;63;110;2;2024-01-18 13:12:13;10.229.253.60
561;60;179;104;13;2024-01-18 13:12:13;10.229.253.97
562;19;124;55;13;2024-01-18 13:12:14;10.229.253.47
563;32;113;84;13;2024-01-18 13:12:14;10.229.253.100
564;68;169;40;13;2024-01-18 13:12:14;10.229.253.36
565;99;160;135;3;2024-01-18 13:12:15;10.229.253.81
566;106;94;115;8;2024-01-18 13:12:15;10.229.253.97
567;124;239;100;5;2024-01-18 13:12:15;10.229.253.60
568;248;154;250;6;2024-01-18 13:12:15;10.229.253.47
569;105;3;16;14;2024-01-18 13:12:15;10.229.253.71
570;15;33;71;11;2024-01-18 13:12:16;10.229.253.36
571;62;167;46;5;2024-01-18 13:12:16;10.229.253.100
572;53;205;36;5;2024-01-18 13:12:16;10.229.253.61
573;106;193;22;5;2024-01-18 13:12:16;10.229.253.71
574;10;160;102;13;2024-01-18 13:12:17;10.229.253.12
575;249;103;69;1;2024-01-18 13:12:17;10.229.253.47
576;68;148;174;3;2024-01-18 13:12:17;10.229.253.60
577;163;60;142;2;2024-01-18 13:12:17;10.229.253.81
578;48;220;209;3;2024-01-18 13:12:17;10.229.253.87
579;85;96;235;11;2024-01-18 13:12:18;10.229.253.26
580;227;150;126;6;2024-01-18 13:12:18;10.229.253.36
581;42;145;121;3;2024-01-18 13:12:18;10.229.253.71
582;165;134;168;10;2024-01-18 13:12:18;10.229.253.100
583;93;117;182;11;2024-01-18 13:12:18;10.229.253.61
584;180;12;107;2;2024-01-18 13:12:18;10.229.253.81
585;156;141;156;11;2024-01-18 13:12:19;10.229.253.61
586;250;131;197;6;2024-01-18 13:12:19;10.229.253.12
587;223;246;23;4;2024-01-18 13:12:19;10.229.253.26
588;73;78;63;8;2024-01-18 13:12:19;10.229.253.60
589;227;150;126;6;2024-01-18 13:12:19;10.229.253.36
590;208;183;133;1;2024-01-18 13:12:19;10.229.253.97
591;107;54;145;10;2024-01-18 13:12:19;10.229.253.100
592;113;73;157;10;2024-01-18 13:12:20;10.229.253.81
593;160;228;28;5;2024-01-18 13:12:20;10.229.253.87
594;206;188;228;2;2024-01-18 13:12:20;10.229.253.16
595;205;87;252;10;2024-01-18 13:12:20;10.229.253.97
596;188;72;27;1;2024-01-18 13:12:20;10.229.253.100
597;105;78;134;10;2024-01-18 13:12:20;10.229.253.36
598;222;3;135;2;2024-01-18 13:12:20;10.229.253.16
599;100;145;14;5;2024-01-18 13:12:21;10.229.253.12
600;92;245;238;3;2024-01-18 13:12:21;10.229.253.47
601;42;145;121;3;2024-01-18 13:12:21;10.229.253.71
602;244;48;129;2;2024-01-18 13:12:21;10.229.253.60
603;81;185;212;3;2024-01-18 13:12:21;10.229.253.87
604;9;195;133;5;2024-01-18 13:12:21;10.229.253.12
605;213;83;136;2;2024-01-18 13:12:21;10.229.253.81
606;227;116;14;1;2024-01-18 13:12:21;10.229.253.36
607;166;152;72;4;2024-01-18 13:12:22;10.229.253.100
608;169;187;66;4;2024-01-18 13:12:22;10.229.253.47
609;106;90;70;11;2024-01-18 13:12:22;10.229.253.61
610;191;141;44;1;2024-01-18 13:12:22;10.229.253.97
611;95;54;26;12;2024-01-18 13:12:22;10.229.253.16
612;245;3;20;11;2024-01-18 13:12:22;10.229.253.61
613;249;35;65;14;2024-01-18 13:12:22;10.229.253.12
614;109;171;0;11;2024-01-18 13:12:22;10.229.253.61
615;230;92;0;1;2024-01-18 13:12:22;10.229.253.71
616;252;165;131;11;2024-01-18 13:12:23;10.229.253.61
617;228;132;127;6;2024-01-18 13:12:23;10.229.253.100
618;242;83;105;11;2024-01-18 13:12:23;10.229.253.61
619;63;197;125;5;2024-01-18 13:12:23;10.229.253.12
620;53;46;181;11;2024-01-18 13:12:23;10.229.253.61
621;114;145;12;5;2024-01-18 13:12:23;10.229.253.97
622;16;184;220;11;2024-01-18 13:12:23;10.229.253.61
623;0;226;173;11;2024-01-18 13:12:23;10.229.253.61
624;134;122;15;4;2024-01-18 13:12:23;10.229.253.47
625;222;174;126;6;2024-01-18 13:12:24;10.229.253.100
626;74;208;5;11;2024-01-18 13:12:24;10.229.253.61
627;37;184;44;11;2024-01-18 13:12:24;10.229.253.61
628;149;147;57;4;2024-01-18 13:12:24;10.229.253.26
629;59;235;154;3;2024-01-18 13:12:24;10.229.253.60
630;199;207;3;4;2024-01-18 13:12:24;10.229.253.47
631;166;92;64;11;2024-01-18 13:12:24;10.229.253.61
632;216;55;165;2;2024-01-18 13:12:24;10.229.253.12
633;236;185;12;4;2024-01-18 13:12:24;10.229.253.81
634;238;139;118;1;2024-01-18 13:12:25;10.229.253.16
635;111;208;138;11;2024-01-18 13:12:25;10.229.253.61
636;25;201;59;5;2024-01-18 13:12:25;10.229.253.60
637;122;123;27;12;2024-01-18 13:12:25;10.229.253.36
638;141;109;221;11;2024-01-18 13:12:25;10.229.253.61
639;175;19;228;11;2024-01-18 13:12:25;10.229.253.61
640;196;162;233;11;2024-01-18 13:12:25;10.229.253.61
641;101;169;203;11;2024-01-18 13:12:25;10.229.253.61
642;192;239;219;3;2024-01-18 13:12:25;10.229.253.100
643;116;147;186;3;2024-01-18 13:12:25;10.229.253.12
644;94;150;56;11;2024-01-18 13:12:25;10.229.253.61
645;253;166;63;1;2024-01-18 13:12:26;10.229.253.16
646;207;3;199;11;2024-01-18 13:12:26;10.229.253.61
647;35;170;109;11;2024-01-18 13:12:26;10.229.253.61
648;208;77;231;2;2024-01-18 13:12:26;10.229.253.26
649;122;54;158;10;2024-01-18 13:12:26;10.229.253.60
650;133;108;84;11;2024-01-18 13:12:26;10.229.253.61
651;12;32;71;11;2024-01-18 13:12:26;10.229.253.61
652;52;18;152;11;2024-01-18 13:12:26;10.229.253.61
653;207;159;190;11;2024-01-18 13:12:26;10.229.253.61
654;136;207;199;3;2024-01-18 13:12:26;10.229.253.12
655;63;138;172;3;2024-01-18 13:12:26;10.229.253.100
656;138;103;16;11;2024-01-18 13:12:26;10.229.253.61
657;67;236;127;11;2024-01-18 13:12:27;10.229.253.61
658;128;21;120;10;2024-01-18 13:12:27;10.229.253.16
659;97;226;106;11;2024-01-18 13:12:27;10.229.253.61
660;189;212;148;11;2024-01-18 13:12:27;10.229.253.61
661;222;145;137;11;2024-01-18 13:12:27;10.229.253.61
662;17;29;81;11;2024-01-18 13:12:27;10.229.253.61
663;116;19;36;11;2024-01-18 13:12:27;10.229.253.61
664;240;14;189;2;2024-01-18 13:12:27;10.229.253.36
665;131;217;196;3;2024-01-18 13:12:27;10.229.253.26
666;115;125;107;8;2024-01-18 13:12:27;10.229.253.60
667;219;141;83;11;2024-01-18 13:12:27;10.229.253.61
668;204;192;60;11;2024-01-18 13:12:28;10.229.253.61
669;61;110;66;13;2024-01-18 13:12:28;10.229.253.100
670;141;252;211;11;2024-01-18 13:12:28;10.229.253.61
671;135;235;204;11;2024-01-18 13:12:28;10.229.253.61
672;9;143;109;3;2024-01-18 13:12:28;10.229.253.81
673;96;180;168;11;2024-01-18 13:12:28;10.229.253.61
674;148;53;167;11;2024-01-18 13:12:28;10.229.253.61
675;8;198;207;3;2024-01-18 13:12:28;10.229.253.12
676;72;65;149;11;2024-01-18 13:12:28;10.229.253.61
677;212;89;171;11;2024-01-18 13:12:28;10.229.253.61
678;135;179;250;3;2024-01-18 13:12:29;10.229.253.60
679;195;225;109;5;2024-01-18 13:12:29;10.229.253.36
680;14;217;177;3;2024-01-18 13:12:29;10.229.253.97
681;46;9;227;11;2024-01-18 13:12:29;10.229.253.100
682;122;144;118;8;2024-01-18 13:12:29;10.229.253.16
683;8;198;207;3;2024-01-18 13:12:29;10.229.253.12
684;50;29;126;11;2024-01-18 13:12:30;10.229.253.26
685;107;53;148;10;2024-01-18 13:12:30;10.229.253.36
686;178;172;216;10;2024-01-18 13:12:30;10.229.253.60
687;156;59;15;1;2024-01-18 13:12:30;10.229.253.100
688;208;133;165;6;2024-01-18 13:12:30;10.229.253.97
689;239;198;63;4;2024-01-18 13:12:31;10.229.253.26
690;228;173;104;1;2024-01-18 13:12:31;10.229.253.47
691;50;136;45;13;2024-01-18 13:12:31;10.229.253.16
692;55;67;111;11;2024-01-18 13:12:31;10.229.253.100
693;139;56;103;2;2024-01-18 13:12:31;10.229.253.81
694;13;140;96;13;2024-01-18 13:12:31;10.229.253.12
695;239;153;109;1;2024-01-18 13:12:32;10.229.253.97
696;181;131;45;1;2024-01-18 13:12:32;10.229.253.47
697;85;197;173;3;2024-01-18 13:12:32;10.229.253.36
698;103;203;185;3;2024-01-18 13:12:32;10.229.253.60
699;14;202;248;3;2024-01-18 13:12:32;10.229.253.26
700;1;1;149;11;2024-01-18 13:12:32;10.229.253.12
701;178;238;103;5;2024-01-18 13:12:33;10.229.253.36
702;142;33;181;10;2024-01-18 13:12:33;10.229.253.47
703;160;207;166;5;2024-01-18 13:12:33;10.229.253.12
704;97;164;34;5;2024-01-18 13:12:34;10.229.253.60
705;93;2;66;2;2024-01-18 13:12:34;10.229.253.16
706;37;208;166;3;2024-01-18 13:12:34;10.229.253.26
707;242;123;180;6;2024-01-18 13:12:34;10.229.253.36
708;142;106;222;10;2024-01-18 13:12:34;10.229.253.12
709;53;247;11;5;2024-01-18 13:12:34;10.229.253.97
710;231;135;237;10;2024-01-18 13:12:34;10.229.253.100
711;162;225;204;3;2024-01-18 13:12:35;10.229.253.60
712;38;158;117;3;2024-01-18 13:12:35;10.229.253.71
713;7;68;54;13;2024-01-18 13:12:35;10.229.253.12
714;64;199;81;5;2024-01-18 13:12:35;10.229.253.36
715;220;118;65;1;2024-01-18 13:12:35;10.229.253.97
716;55;175;195;3;2024-01-18 13:12:36;10.229.253.60
717;164;181;48;4;2024-01-18 13:12:36;10.229.253.47
718;236;216;113;4;2024-01-18 13:12:36;10.229.253.26
719;30;190;191;3;2024-01-18 13:12:36;10.229.253.100
720;22;17;218;11;2024-01-18 13:12:36;10.229.253.12
721;98;168;142;5;2024-01-18 13:12:36;10.229.253.36
722;169;42;2;14;2024-01-18 13:12:36;10.229.253.97
723;96;135;68;13;2024-01-18 13:12:37;10.229.253.36
724;34;125;86;13;2024-01-18 13:12:37;10.229.253.12
725;106;117;50;13;2024-01-18 13:12:37;10.229.253.60
726;236;216;113;4;2024-01-18 13:12:37;10.229.253.26
727;170;224;231;3;2024-01-18 13:12:37;10.229.253.16
728;147;2;103;2;2024-01-18 13:12:37;10.229.253.100
729;89;241;102;5;2024-01-18 13:12:37;10.229.253.47
730;100;143;18;5;2024-01-18 13:12:38;10.229.253.12
731;242;165;51;1;2024-01-18 13:12:38;10.229.253.36
732;157;203;78;5;2024-01-18 13:12:38;10.229.253.97
733;38;62;13;13;2024-01-18 13:12:38;10.229.253.100
734;224;60;190;2;2024-01-18 13:12:39;10.229.253.12
735;197;180;97;4;2024-01-18 13:12:39;10.229.253.81
736;248;17;127;2;2024-01-18 13:12:39;10.229.253.60
737;169;12;53;2;2024-01-18 13:12:39;10.229.253.47
738;187;250;204;3;2024-01-18 13:12:39;10.229.253.97
739;125;150;102;5;2024-01-18 13:12:39;10.229.253.16
740;121;98;169;10;2024-01-18 13:12:40;10.229.253.36
741;101;24;177;10;2024-01-18 13:12:40;10.229.253.12
742;106;48;37;12;2024-01-18 13:12:40;10.229.253.100
743;1;254;16;5;2024-01-18 13:12:40;10.229.253.71
744;113;170;100;5;2024-01-18 13:12:40;10.229.253.16
745;35;24;22;15;2024-01-18 13:12:40;10.229.253.60
746;85;215;153;3;2024-01-18 13:12:41;10.229.253.87
747;51;149;114;3;2024-01-18 13:12:41;10.229.253.97
748;236;66;35;14;2024-01-18 13:12:41;10.229.253.100
749;218;207;15;4;2024-01-18 13:12:41;10.229.253.71
750;148;176;119;5;2024-01-18 13:12:42;10.229.253.97
751;192;103;104;6;2024-01-18 13:12:42;10.229.253.16
752;7;0;83;11;2024-01-18 13:12:42;10.229.253.60
753;213;236;71;4;2024-01-18 13:12:42;10.229.253.87
754;161;175;206;3;2024-01-18 13:12:42;10.229.253.26
755;177;121;204;10;2024-01-18 13:12:42;10.229.253.47
756;112;113;75;8;2024-01-18 13:12:42;10.229.253.81
757;180;161;69;4;2024-01-18 13:12:42;10.229.253.61
758;41;104;69;13;2024-01-18 13:12:43;10.229.253.36
759;97;33;192;10;2024-01-18 13:12:43;10.229.253.16
760;50;142;23;13;2024-01-18 13:12:43;10.229.253.87
761;1;214;104;5;2024-01-18 13:12:43;10.229.253.60
762;109;242;32;5;2024-01-18 13:12:43;10.229.253.81
763;253;166;222;6;2024-01-18 13:12:43;10.229.253.47
764;127;50;195;10;2024-01-18 13:12:43;10.229.253.61
765;52;244;173;5;2024-01-18 13:12:44;10.229.253.97
766;145;229;76;5;2024-01-18 13:12:44;10.229.253.36
767;153;229;4;5;2024-01-18 13:12:44;10.229.253.87
768;223;217;76;4;2024-01-18 13:12:44;10.229.253.16
769;22;136;116;3;2024-01-18 13:12:44;10.229.253.71
770;90;165;75;13;2024-01-18 13:12:45;10.229.253.87
771;188;24;142;2;2024-01-18 13:12:45;10.229.253.36
772;223;150;169;6;2024-01-18 13:12:45;10.229.253.60
773;166;52;145;2;2024-01-18 13:12:45;10.229.253.81
774;213;71;152;2;2024-01-18 13:12:45;10.229.253.97
775;147;197;223;3;2024-01-18 13:12:45;10.229.253.16
776;207;254;24;4;2024-01-18 13:12:45;10.229.253.71
777;165;71;141;2;2024-01-18 13:12:46;10.229.253.87
778;223;92;55;1;2024-01-18 13:12:46;10.229.253.97
779;14;133;251;3;2024-01-18 13:12:46;10.229.253.60
780;95;11;236;10;2024-01-18 13:12:46;10.229.253.16
781;230;110;102;6;2024-01-18 13:12:47;10.229.253.87
782;27;159;7;13;2024-01-18 13:12:47;10.229.253.97
783;66;167;96;5;2024-01-18 13:12:47;10.229.253.12
784;17;157;79;13;2024-01-18 13:12:48;10.229.253.16
785;155;157;53;5;2024-01-18 13:12:48;10.229.253.87
786;107;127;32;13;2024-01-18 13:12:48;10.229.253.60
787;71;187;203;3;2024-01-18 13:12:48;10.229.253.97
788;212;139;10;1;2024-01-18 13:12:49;10.229.253.87
789;189;75;136;2;2024-01-18 13:12:49;10.229.253.97
790;69;249;0;5;2024-01-18 13:12:49;10.229.253.16
791;19;77;96;3;2024-01-18 13:12:50;10.229.253.36
792;51;173;91;13;2024-01-18 13:12:50;10.229.253.81
793;36;231;251;3;2024-01-18 13:12:50;10.229.253.26
794;116;241;157;3;2024-01-18 13:12:51;10.229.253.87
795;76;89;193;11;2024-01-18 13:12:51;10.229.253.60
796;55;135;242;11;2024-01-18 13:12:51;10.229.253.97
797;196;172;84;4;2024-01-18 13:12:51;10.229.253.12
798;231;224;114;4;2024-01-18 13:12:52;10.229.253.12
799;161;238;157;5;2024-01-18 13:12:52;10.229.253.97
800;95;143;3;13;2024-01-18 13:12:52;10.229.253.36
801;192;207;102;5;2024-01-18 13:12:52;10.229.253.87
802;73;105;192;11;2024-01-18 13:12:52;10.229.253.71
803;248;223;68;4;2024-01-18 13:12:53;10.229.253.97
804;51;168;0;5;2024-01-18 13:12:53;10.229.253.87
805;114;50;245;10;2024-01-18 13:12:53;10.229.253.26
806;103;182;245;3;2024-01-18 13:12:53;10.229.253.47
807;33;117;63;13;2024-01-18 13:12:54;10.229.253.87
808;116;164;70;5;2024-01-18 13:12:54;10.229.253.16
809;0;63;174;11;2024-01-18 13:12:54;10.229.253.36
810;212;59;0;14;2024-01-18 13:12:55;10.229.253.87
811;12;134;223;11;2024-01-18 13:12:55;10.229.253.36
812;45;104;201;11;2024-01-18 13:12:56;10.229.253.87
813;244;243;193;0;2024-01-18 13:12:56;10.229.253.60
814;19;52;176;11;2024-01-18 13:12:56;10.229.253.36
815;212;92;107;6;2024-01-18 13:12:56;10.229.253.47
816;184;229;239;3;2024-01-18 13:12:57;10.229.253.12
817;172;42;211;2;2024-01-18 13:12:57;10.229.253.60
818;216;176;211;6;2024-01-18 13:12:57;10.229.253.87
819;12;202;130;5;2024-01-18 13:12:58;10.229.253.100
820;86;24;52;2;2024-01-18 13:12:58;10.229.253.26
821;97;4;219;10;2024-01-18 13:12:58;10.229.253.12
822;160;213;58;5;2024-01-18 13:12:59;10.229.253.36
823;195;64;109;2;2024-01-18 13:12:59;10.229.253.26
824;12;188;228;3;2024-01-18 13:12:59;10.229.253.100
825;46;42;199;11;2024-01-18 13:12:59;10.229.253.60
826;9;8;233;11;2024-01-18 13:12:59;10.229.253.12
827;111;63;176;10;2024-01-18 13:12:59;10.229.253.71
828;196;159;137;12;2024-01-18 13:12:59;10.229.253.87
829;24;204;212;3;2024-01-18 13:13:00;10.229.253.26
830;212;213;42;4;2024-01-18 13:13:00;10.229.253.12
831;251;251;170;4;2024-01-18 13:13:00;10.229.253.61
832;156;240;227;3;2024-01-18 13:13:01;10.229.253.87
833;50;43;248;11;2024-01-18 13:13:01;10.229.253.12
834;237;135;207;6;2024-01-18 13:13:01;10.229.253.100
835;249;27;58;14;2024-01-18 13:13:01;10.229.253.71
836;128;107;141;10;2024-01-18 13:13:02;10.229.253.60
837;170;24;121;2;2024-01-18 13:13:02;10.229.253.87
838;35;200;64;5;2024-01-18 13:13:02;10.229.253.100
839;88;102;118;8;2024-01-18 13:13:02;10.229.253.12
840;149;133;27;12;2024-01-18 13:13:03;10.229.253.61
841;182;112;216;10;2024-01-18 13:13:03;10.229.253.100
842;91;141;147;3;2024-01-18 13:13:03;10.229.253.87
843;128;49;61;14;2024-01-18 13:13:03;10.229.253.60
844;170;82;48;1;2024-01-18 13:13:04;10.229.253.12
845;99;170;138;5;2024-01-18 13:13:04;10.229.253.36
846;175;117;138;6;2024-01-18 13:13:04;10.229.253.71
847;210;159;154;6;2024-01-18 13:13:04;10.229.253.97
848;94;55;59;12;2024-01-18 13:13:04;10.229.253.26
849;129;240;216;3;2024-01-18 13:13:04;10.229.253.61
850;64;92;152;11;2024-01-18 13:13:05;10.229.253.60
851;224;247;30;4;2024-01-18 13:13:05;10.229.253.71
852;147;3;107;2;2024-01-18 13:13:05;10.229.253.100
853;182;231;119;5;2024-01-18 13:13:05;10.229.253.97
854;122;176;231;3;2024-01-18 13:13:05;10.229.253.36
855;136;11;88;2;2024-01-18 13:13:06;10.229.253.12
856;94;166;223;3;2024-01-18 13:13:06;10.229.253.61
857;147;115;133;10;2024-01-18 13:13:06;10.229.253.47
858;59;254;241;3;2024-01-18 13:13:06;10.229.253.100
859;203;110;122;6;2024-01-18 13:13:06;10.229.253.71
860;150;218;28;5;2024-01-18 13:13:07;10.229.253.61
861;32;120;166;11;2024-01-18 13:13:07;10.229.253.12
862;73;59;177;10;2024-01-18 13:13:07;10.229.253.26
863;248;111;95;1;2024-01-18 13:13:07;10.229.253.87
864;59;254;241;3;2024-01-18 13:13:07;10.229.253.100
865;174;220;145;5;2024-01-18 13:13:07;10.229.253.61
866;244;228;75;4;2024-01-18 13:13:08;10.229.253.26
867;143;51;35;14;2024-01-18 13:13:08;10.229.253.71
868;48;254;226;3;2024-01-18 13:13:08;10.229.253.87
869;176;61;104;2;2024-01-18 13:13:08;10.229.253.100
870;32;20;172;11;2024-01-18 13:13:09;10.229.253.61
871;154;112;99;1;2024-01-18 13:13:09;10.229.253.81
872;46;104;183;11;2024-01-18 13:13:09;10.229.253.47
873;127;92;3;12;2024-01-18 13:13:09;10.229.253.87
874;8;196;225;3;2024-01-18 13:13:10;10.229.253.61
875;52;132;85;13;2024-01-18 13:13:10;10.229.253.26
876;132;189;243;3;2024-01-18 13:13:10;10.229.253.100
877;189;24;156;2;2024-01-18 13:13:10;10.229.253.71
878;22;238;251;3;2024-01-18 13:13:11;10.229.253.47
879;111;224;19;5;2024-01-18 13:13:11;10.229.253.61
880;5;76;228;11;2024-01-18 13:13:11;10.229.253.81
881;235;23;41;14;2024-01-18 13:13:11;10.229.253.100
882;54;220;173;3;2024-01-18 13:13:11;10.229.253.97
883;104;247;65;5;2024-01-18 13:13:11;10.229.253.71
884;156;138;77;12;2024-01-18 13:13:11;10.229.253.87
885;4;191;76;5;2024-01-18 13:13:11;10.229.253.61
886;138;185;192;3;2024-01-18 13:13:12;10.229.253.100
887;113;166;119;5;2024-01-18 13:13:12;10.229.253.26
888;20;197;176;3;2024-01-18 13:13:12;10.229.253.71
889;136;236;178;3;2024-01-18 13:13:12;10.229.253.81
890;245;192;54;4;2024-01-18 13:13:12;10.229.253.47
891;35;199;139;5;2024-01-18 13:13:13;10.229.253.16
892;105;196;247;3;2024-01-18 13:13:13;10.229.253.100
893;82;58;173;10;2024-01-18 13:13:13;10.229.253.61
894;154;64;222;10;2024-01-18 13:13:13;10.229.253.87
895;159;202;227;3;2024-01-18 13:13:13;10.229.253.100
896;242;41;105;10;2024-01-18 13:13:13;10.229.253.87
897;51;211;84;5;2024-01-18 13:13:13;10.229.253.61
898;191;7;204;2;2024-01-18 13:13:13;10.229.253.71
899;221;213;225;0;2024-01-18 13:13:14;10.229.253.12
900;1;89;49;13;2024-01-18 13:13:14;10.229.253.26
901;220;237;173;4;2024-01-18 13:13:14;10.229.253.100
902;224;253;238;3;2024-01-18 13:13:14;10.229.253.97
903;108;209;2;5;2024-01-18 13:13:14;10.229.253.61
904;171;254;232;3;2024-01-18 13:13:15;10.229.253.87
905;120;102;190;10;2024-01-18 13:13:15;10.229.253.12
906;233;206;101;4;2024-01-18 13:13:15;10.229.253.36
907;92;132;232;3;2024-01-18 13:13:15;10.229.253.100
908;193;113;249;2;2024-01-18 13:13:15;10.229.253.60
909;248;81;50;1;2024-01-18 13:13:15;10.229.253.97
910;136;92;114;10;2024-01-18 13:13:16;10.229.253.16
911;133;220;199;3;2024-01-18 13:13:16;10.229.253.26
912;14;93;196;11;2024-01-18 13:13:16;10.229.253.36
913;119;149;99;13;2024-01-18 13:13:16;10.229.253.61
914;240;19;251;10;2024-01-18 13:13:16;10.229.253.97
915;131;146;111;13;2024-01-18 13:13:17;10.229.253.87
916;209;5;1;14;2024-01-18 13:13:17;10.229.253.12
917;226;139;43;1;2024-01-18 13:13:17;10.229.253.60
918;214;166;205;6;2024-01-18 13:13:17;10.229.253.81
919;147;142;95;4;2024-01-18 13:13:17;10.229.253.100
920;119;119;121;8;2024-01-18 13:13:18;10.229.253.61
921;248;11;215;2;2024-01-18 13:13:18;10.229.253.87
922;214;2;58;14;2024-01-18 13:13:18;10.229.253.97
923;159;186;150;5;2024-01-18 13:13:18;10.229.253.16
924;47;139;52;13;2024-01-18 13:13:18;10.229.253.12
925;59;55;94;10;2024-01-18 13:13:18;10.229.253.26
926;1;155;107;13;2024-01-18 13:13:18;10.229.253.100
927;213;55;56;14;2024-01-18 13:13:18;10.229.253.60
928;82;170;35;5;2024-01-18 13:13:18;10.229.253.71
929;94;80;247;11;2024-01-18 13:13:19;10.229.253.81
930;123;231;73;5;2024-01-18 13:13:19;10.229.253.87
931;81;115;74;13;2024-01-18 13:13:19;10.229.253.97
932;196;60;76;14;2024-01-18 13:13:19;10.229.253.12
933;197;54;201;2;2024-01-18 13:13:19;10.229.253.16
934;191;179;247;6;2024-01-18 13:13:20;10.229.253.61
935;123;231;73;5;2024-01-18 13:13:20;10.229.253.87
936;240;32;106;2;2024-01-18 13:13:20;10.229.253.81
937;230;72;34;14;2024-01-18 13:13:20;10.229.253.100
938;152;155;218;10;2024-01-18 13:13:20;10.229.253.60
939;43;22;7;15;2024-01-18 13:13:21;10.229.253.16
940;107;222;142;3;2024-01-18 13:13:21;10.229.253.47
941;24;46;140;11;2024-01-18 13:13:21;10.229.253.12
942;10;170;34;13;2024-01-18 13:13:21;10.229.253.61
943;125;249;97;5;2024-01-18 13:13:21;10.229.253.100
944;238;131;213;2;2024-01-18 13:13:21;10.229.253.71
945;59;136;1;13;2024-01-18 13:13:22;10.229.253.81
946;53;21;69;10;2024-01-18 13:13:22;10.229.253.12
947;79;144;228;11;2024-01-18 13:13:23;10.229.253.87
948;253;134;109;6;2024-01-18 13:13:23;10.229.253.100
949;84;236;120;5;2024-01-18 13:13:23;10.229.253.71
950;224;24;207;2;2024-01-18 13:13:23;10.229.253.12
951;78;18;206;10;2024-01-18 13:13:23;10.229.253.61
952;241;108;195;6;2024-01-18 13:13:23;10.229.253.81
953;129;146;138;8;2024-01-18 13:13:23;10.229.253.60
954;203;49;197;2;2024-01-18 13:13:23;10.229.253.47
955;94;219;19;5;2024-01-18 13:13:24;10.229.253.87
956;183;217;221;0;2024-01-18 13:13:24;10.229.253.26
957;20;139;200;3;2024-01-18 13:13:24;10.229.253.12
958;38;209;235;11;2024-01-18 13:13:24;10.229.253.97
959;88;139;41;13;2024-01-18 13:13:24;10.229.253.60
960;38;160;219;3;2024-01-18 13:13:25;10.229.253.61
961;102;193;211;3;2024-01-18 13:13:25;10.229.253.100
962;92;0;231;10;2024-01-18 13:13:25;10.229.253.87
963;103;58;245;11;2024-01-18 13:13:25;10.229.253.81
964;242;60;24;1;2024-01-18 13:13:25;10.229.253.16
965;209;245;175;5;2024-01-18 13:13:25;10.229.253.12
966;19;62;90;11;2024-01-18 13:13:25;10.229.253.47
967;53;166;16;5;2024-01-18 13:13:25;10.229.253.97
968;136;47;69;2;2024-01-18 13:13:26;10.229.253.87
969;43;149;92;13;2024-01-18 13:13:26;10.229.253.100
970;30;221;167;5;2024-01-18 13:13:26;10.229.253.12
971;13;50;92;10;2024-01-18 13:13:26;10.229.253.81
972;89;73;231;11;2024-01-18 13:13:27;10.229.253.97
973;9;126;100;13;2024-01-18 13:13:27;10.229.253.100
974;244;29;213;2;2024-01-18 13:13:27;10.229.253.12
975;200;92;33;1;2024-01-18 13:13:27;10.229.253.97
976;200;148;76;1;2024-01-18 13:13:27;10.229.253.71
977;222;193;190;6;2024-01-18 13:13:28;10.229.253.16
978;213;126;166;2;2024-01-18 13:13:28;10.229.253.26
979;238;186;213;6;2024-01-18 13:13:28;10.229.253.60
980;53;60;44;13;2024-01-18 13:13:28;10.229.253.12
981;82;241;177;5;2024-01-18 13:13:28;10.229.253.100
982;76;22;188;11;2024-01-18 13:13:28;10.229.253.81
983;163;150;16;13;2024-01-18 13:13:29;10.229.253.12
984;64;161;35;5;2024-01-18 13:13:29;10.229.253.60
985;114;102;32;13;2024-01-18 13:13:30;10.229.253.12
986;156;13;60;14;2024-01-18 13:13:30;10.229.253.47
987;189;250;124;5;2024-01-18 13:13:30;10.229.253.100
988;57;117;173;11;2024-01-18 13:13:30;10.229.253.16
989;209;185;181;6;2024-01-18 13:13:31;10.229.253.61
990;20;197;52;5;2024-01-18 13:13:31;10.229.253.71
991;150;91;37;1;2024-01-18 13:13:31;10.229.253.12
992;109;240;174;5;2024-01-18 13:13:31;10.229.253.97
993;138;90;97;6;2024-01-18 13:13:31;10.229.253.87
994;7;13;112;11;2024-01-18 13:13:31;10.229.253.100
995;205;36;169;2;2024-01-18 13:13:31;10.229.253.16
996;181;140;149;6;2024-01-18 13:13:32;10.229.253.61
997;3;130;86;13;2024-01-18 13:13:32;10.229.253.97
998;251;175;29;4;2024-01-18 13:13:32;10.229.253.47
999;171;174;152;8;2024-01-18 13:13:32;10.229.253.81
1000;233;43;52;14;2024-01-18 13:13:32;10.229.253.71
1001;78;106;23;13;2024-01-18 13:13:32;10.229.253.100
1002;44;191;243;3;2024-01-18 13:13:32;10.229.253.87
1003;169;224;186;5;2024-01-18 13:13:32;10.229.253.97
1004;40;68;62;13;2024-01-18 13:13:33;10.229.253.16
1005;22;126;13;13;2024-01-18 13:13:33;10.229.253.61
1006;205;191;189;0;2024-01-18 13:13:33;10.229.253.26
1007;75;114;11;13;2024-01-18 13:13:33;10.229.253.97
1008;227;60;222;2;2024-01-18 13:13:33;10.229.253.100
1009;119;78;212;10;2024-01-18 13:13:33;10.229.253.87
1010;236;122;226;2;2024-01-18 13:13:34;10.229.253.47
1011;228;183;149;6;2024-01-18 13:13:34;10.229.253.61
1012;106;211;225;11;2024-01-18 13:13:34;10.229.253.97
1013;106;168;220;3;2024-01-18 13:13:34;10.229.253.71
1014;186;5;48;14;2024-01-18 13:13:34;10.229.253.81
1015;197;12;27;14;2024-01-18 13:13:34;10.229.253.87
1016;100;143;46;13;2024-01-18 13:13:35;10.229.253.26
1017;205;130;176;6;2024-01-18 13:13:35;10.229.253.16
1018;154;185;219;3;2024-01-18 13:13:35;10.229.253.61
1019;172;230;39;5;2024-01-18 13:13:35;10.229.253.47
1020;202;66;126;2;2024-01-18 13:13:35;10.229.253.87
1021;62;168;31;13;2024-01-18 13:13:36;10.229.253.97
1022;125;239;37;5;2024-01-18 13:13:36;10.229.253.71
1023;85;90;29;13;2024-01-18 13:13:36;10.229.253.87
1024;141;23;0;14;2024-01-18 13:13:36;10.229.253.16
1025;13;206;234;3;2024-01-18 13:13:36;10.229.253.26
1026;194;223;189;5;2024-01-18 13:13:36;10.229.253.100
1027;227;34;40;14;2024-01-18 13:13:37;10.229.253.61
1028;247;231;225;0;2024-01-18 13:13:37;10.229.253.12
1029;72;177;137;3;2024-01-18 13:13:37;10.229.253.47
1030;85;90;29;13;2024-01-18 13:13:37;10.229.253.87
1031;251;91;68;14;2024-01-18 13:13:37;10.229.253.81
1032;195;11;3;14;2024-01-18 13:13:37;10.229.253.100
1033;118;237;85;5;2024-01-18 13:13:37;10.229.253.12
1034;133;19;13;14;2024-01-18 13:13:38;10.229.253.97
1035;48;152;178;3;2024-01-18 13:13:38;10.229.253.71
1036;235;239;72;4;2024-01-18 13:13:38;10.229.253.60
1037;244;219;245;6;2024-01-18 13:13:38;10.229.253.87
1038;240;103;133;2;2024-01-18 13:13:39;10.229.253.26
1039;103;11;223;10;2024-01-18 13:13:39;10.229.253.12
1040;220;220;54;4;2024-01-18 13:13:39;10.229.253.36
1041;169;188;242;3;2024-01-18 13:13:39;10.229.253.100
1042;3;208;138;3;2024-01-18 13:13:39;10.229.253.16
1043;74;178;204;3;2024-01-18 13:13:39;10.229.253.60
1044;18;60;44;13;2024-01-18 13:13:39;10.229.253.71
1045;72;124;249;11;2024-01-18 13:13:39;10.229.253.87
1046;94;70;58;7;2024-01-18 13:13:39;10.229.253.81
1047;33;170;17;13;2024-01-18 13:13:40;10.229.253.12
1048;252;247;138;4;2024-01-18 13:13:40;10.229.253.47
1049;61;39;123;11;2024-01-18 13:13:40;10.229.253.100
1050;43;201;159;3;2024-01-18 13:13:40;10.229.253.26
1051;10;120;19;13;2024-01-18 13:13:40;10.229.253.16
1052;250;130;116;6;2024-01-18 13:13:40;10.229.253.36
1053;13;3;137;11;2024-01-18 13:13:40;10.229.253.60
1054;204;156;50;4;2024-01-18 13:13:40;10.229.253.87
1055;20;46;212;11;2024-01-18 13:13:40;10.229.253.97
1056;198;9;141;2;2024-01-18 13:13:41;10.229.253.81
1057;16;93;124;11;2024-01-18 13:13:41;10.229.253.12
1058;24;50;133;11;2024-01-18 13:13:41;10.229.253.61
1059;98;38;4;12;2024-01-18 13:13:41;10.229.253.100
1060;223;214;16;4;2024-01-18 13:13:41;10.229.253.26
1061;51;52;39;15;2024-01-18 13:13:42;10.229.253.12
1062;205;65;144;2;2024-01-18 13:13:42;10.229.253.97
1063;189;127;5;1;2024-01-18 13:13:42;10.229.253.60
1064;37;194;159;3;2024-01-18 13:13:42;10.229.253.87
1065;225;2;156;2;2024-01-18 13:13:42;10.229.253.16
1066;155;8;177;2;2024-01-18 13:13:42;10.229.253.26
1067;143;72;48;1;2024-01-18 13:13:42;10.229.253.60
1068;81;89;123;11;2024-01-18 13:13:42;10.229.253.81
1069;115;53;33;12;2024-01-18 13:13:42;10.229.253.71
1070;235;251;118;4;2024-01-18 13:13:43;10.229.253.87
1071;10;161;251;3;2024-01-18 13:13:43;10.229.253.100
1072;223;4;238;2;2024-01-18 13:13:43;10.229.253.12
1073;205;65;144;2;2024-01-18 13:13:43;10.229.253.97
1074;14;233;190;3;2024-01-18 13:13:43;10.229.253.81
1075;214;4;193;2;2024-01-18 13:13:44;10.229.253.87
1076;238;28;38;14;2024-01-18 13:13:44;10.229.253.60
1077;90;16;152;10;2024-01-18 13:13:44;10.229.253.16
1078;112;44;109;10;2024-01-18 13:13:44;10.229.253.100
1079;31;90;224;11;2024-01-18 13:13:44;10.229.253.97
1080;205;113;72;1;2024-01-18 13:13:44;10.229.253.26
1081;131;253;211;3;2024-01-18 13:13:45;10.229.253.60
1082;202;57;115;2;2024-01-18 13:13:45;10.229.253.100
1083;41;54;85;11;2024-01-18 13:13:45;10.229.253.16
1084;165;167;137;8;2024-01-18 13:13:45;10.229.253.36
1085;245;199;212;6;2024-01-18 13:13:46;10.229.253.26
1086;109;114;34;13;2024-01-18 13:13:46;10.229.253.87
1087;126;139;53;13;2024-01-18 13:13:46;10.229.253.97
1088;54;34;33;12;2024-01-18 13:13:46;10.229.253.100
1089;254;185;108;4;2024-01-18 13:13:46;10.229.253.71
1090;244;72;92;2;2024-01-18 13:13:47;10.229.253.60
1091;146;29;207;10;2024-01-18 13:13:47;10.229.253.87
1092;76;47;244;11;2024-01-18 13:13:47;10.229.253.16
1093;16;1;238;11;2024-01-18 13:13:47;10.229.253.36
1094;186;131;40;4;2024-01-18 13:13:47;10.229.253.100
1095;154;95;93;2;2024-01-18 13:13:47;10.229.253.81
1096;92;25;68;2;2024-01-18 13:13:48;10.229.253.87
1097;115;182;79;5;2024-01-18 13:13:48;10.229.253.100
1098;179;91;31;1;2024-01-18 13:13:48;10.229.253.36
1099;236;44;98;2;2024-01-18 13:13:48;10.229.253.71
1100;66;47;1;15;2024-01-18 13:13:48;10.229.253.97
1101;123;178;130;3;2024-01-18 13:13:49;10.229.253.26
1102;132;22;40;14;2024-01-18 13:13:49;10.229.253.16
1103;39;127;214;11;2024-01-18 13:13:49;10.229.253.81
1104;37;28;250;11;2024-01-18 13:13:49;10.229.253.100
1105;31;234;68;5;2024-01-18 13:13:49;10.229.253.87
1106;192;249;48;5;2024-01-18 13:13:49;10.229.253.36
1107;156;171;234;11;2024-01-18 13:13:50;10.229.253.47
1108;71;76;132;11;2024-01-18 13:13:50;10.229.253.81
1109;130;246;172;3;2024-01-18 13:13:50;10.229.253.100
1110;55;205;181;3;2024-01-18 13:13:51;10.229.253.36
1111;118;105;5;4;2024-01-18 13:13:51;10.229.253.47
1112;114;229;170;5;2024-01-18 13:13:51;10.229.253.87
1113;39;148;15;5;2024-01-18 13:13:51;10.229.253.16
1114;95;22;84;10;2024-01-18 13:13:51;10.229.253.100
1115;183;212;103;4;2024-01-18 13:13:52;10.229.253.47
1116;217;80;226;2;2024-01-18 13:13:52;10.229.253.81
1117;18;176;213;3;2024-01-18 13:13:52;10.229.253.97
1118;25;158;46;13;2024-01-18 13:13:52;10.229.253.100
1119;137;239;156;5;2024-01-18 13:13:52;10.229.253.87
1120;110;9;194;10;2024-01-18 13:13:52;10.229.253.60
1121;236;125;95;1;2024-01-18 13:13:53;10.229.253.16
1122;206;140;163;2;2024-01-18 13:13:53;10.229.253.71
1123;214;201;177;0;2024-01-18 13:13:53;10.229.253.81
1124;126;95;108;8;2024-01-18 13:13:53;10.229.253.12
1125;1;88;111;11;2024-01-18 13:13:53;10.229.253.87
1126;89;50;63;12;2024-01-18 13:13:53;10.229.253.60
1127;194;129;153;6;2024-01-18 13:13:54;10.229.253.100
1128;184;188;130;8;2024-01-18 13:13:54;10.229.253.36
1129;20;212;23;5;2024-01-18 13:13:54;10.229.253.97
1130;133;141;202;3;2024-01-18 13:13:54;10.229.253.47
1131;43;235;194;3;2024-01-18 13:13:54;10.229.253.87
1132;88;104;254;3;2024-01-18 13:13:55;10.229.253.60
1133;179;165;152;8;2024-01-18 13:13:55;10.229.253.81
1134;162;243;76;5;2024-01-18 13:13:55;10.229.253.36
1135;162;12;211;10;2024-01-18 13:13:55;10.229.253.97
1136;121;114;56;4;2024-01-18 13:13:55;10.229.253.100
1137;77;156;141;3;2024-01-18 13:13:55;10.229.253.47
1138;183;99;20;1;2024-01-18 13:13:55;10.229.253.87
1139;234;226;110;4;2024-01-18 13:13:56;10.229.253.36
1140;75;87;140;11;2024-01-18 13:13:56;10.229.253.16
1141;194;28;111;2;2024-01-18 13:13:56;10.229.253.100
1142;190;78;187;2;2024-01-18 13:13:56;10.229.253.87
1143;130;98;34;12;2024-01-18 13:13:57;10.229.253.60
1144;51;2;54;10;2024-01-18 13:13:57;10.229.253.26
1145;83;75;88;7;2024-01-18 13:13:57;10.229.253.16
1146;210;99;172;2;2024-01-18 13:13:57;10.229.253.71
1147;131;212;157;5;2024-01-18 13:13:57;10.229.253.100
1148;4;224;72;5;2024-01-18 13:13:57;10.229.253.47
1149;163;205;31;13;2024-01-18 13:13:57;10.229.253.36
1150;30;127;1;13;2024-01-18 13:13:57;10.229.253.87
1151;100;237;186;3;2024-01-18 13:13:58;10.229.253.61
1152;19;154;13;13;2024-01-18 13:13:58;10.229.253.26
1153;84;203;75;5;2024-01-18 13:13:58;10.229.253.60
1154;50;240;72;5;2024-01-18 13:13:58;10.229.253.71
1155;217;113;75;1;2024-01-18 13:13:58;10.229.253.100
1156;124;40;96;2;2024-01-18 13:13:58;10.229.253.81
1157;36;163;121;5;2024-01-18 13:13:58;10.229.253.12
1158;3;248;176;3;2024-01-18 13:13:58;10.229.253.61
1159;139;177;189;3;2024-01-18 13:13:59;10.229.253.87
1160;63;101;100;3;2024-01-18 13:13:59;10.229.253.97
1161;20;40;115;11;2024-01-18 13:13:59;10.229.253.26
1162;21;28;97;11;2024-01-18 13:13:59;10.229.253.60
1163;240;20;15;14;2024-01-18 13:13:59;10.229.253.16
1164;203;222;169;5;2024-01-18 13:13:59;10.229.253.47
1165;228;224;190;4;2024-01-18 13:13:59;10.229.253.100
1166;220;36;148;2;2024-01-18 13:13:59;10.229.253.71
1167;123;21;168;10;2024-01-18 13:13:59;10.229.253.12
1168;12;10;64;10;2024-01-18 13:13:59;10.229.253.36
1169;205;128;80;1;2024-01-18 13:13:59;10.229.253.81
1170;211;0;252;2;2024-01-18 13:14:00;10.229.253.26
1171;93;48;214;10;2024-01-18 13:14:00;10.229.253.61
1172;125;195;54;5;2024-01-18 13:14:00;10.229.253.12
1173;68;75;63;8;2024-01-18 13:14:00;10.229.253.48
1174;42;36;109;11;2024-01-18 13:14:00;10.229.253.87
1175;51;221;87;5;2024-01-18 13:14:00;10.229.253.100
1176;64;92;22;13;2024-01-18 13:14:01;10.229.253.81
1177;193;135;184;2;2024-01-18 13:14:01;10.229.253.60
1178;185;254;69;5;2024-01-18 13:14:01;10.229.253.16
1179;59;92;228;11;2024-01-18 13:14:01;10.229.253.61
1180;195;227;190;5;2024-01-18 13:14:01;10.229.253.36
1181;41;75;220;11;2024-01-18 13:14:01;10.229.253.71
1182;236;97;188;6;2024-01-18 13:14:01;10.229.253.81
1183;237;104;209;2;2024-01-18 13:14:02;10.229.253.100
1184;171;112;130;6;2024-01-18 13:14:02;10.229.253.48
1185;139;207;226;3;2024-01-18 13:14:02;10.229.253.12
1186;195;227;190;5;2024-01-18 13:14:02;10.229.253.36
1187;48;140;106;3;2024-01-18 13:14:02;10.229.253.87
1188;99;33;72;12;2024-01-18 13:14:02;10.229.253.97
1189;104;177;37;5;2024-01-18 13:14:02;10.229.253.61
1190;149;193;57;5;2024-01-18 13:14:02;10.229.253.26
1191;95;218;150;5;2024-01-18 13:14:02;10.229.253.47
1192;41;141;154;3;2024-01-18 13:14:02;10.229.253.60
1193;184;158;7;4;2024-01-18 13:14:02;10.229.253.16
1194;220;212;104;4;2024-01-18 13:14:02;10.229.253.12
1195;248;220;56;4;2024-01-18 13:14:03;10.229.253.48
1196;144;45;203;10;2024-01-18 13:14:03;10.229.253.36
1197;158;193;57;5;2024-01-18 13:14:03;10.229.253.81
1198;141;225;3;5;2024-01-18 13:14:03;10.229.253.61
1199;225;91;11;1;2024-01-18 13:14:03;10.229.253.71
1200;105;75;0;12;2024-01-18 13:14:03;10.229.253.87
1201;188;246;51;5;2024-01-18 13:14:03;10.229.253.60
1202;191;183;186;0;2024-01-18 13:14:03;10.229.253.12
1203;126;249;48;5;2024-01-18 13:14:04;10.229.253.16
1204;99;33;72;12;2024-01-18 13:14:04;10.229.253.97
1205;120;249;35;5;2024-01-18 13:14:04;10.229.253.71
1206;108;217;133;5;2024-01-18 13:14:04;10.229.253.81
1207;195;239;121;5;2024-01-18 13:14:04;10.229.253.36
1208;229;75;200;2;2024-01-18 13:14:04;10.229.253.47
1209;96;114;129;8;2024-01-18 13:14:04;10.229.253.12
1210;76;87;116;11;2024-01-18 13:14:04;10.229.253.100
1211;184;232;46;5;2024-01-18 13:14:04;10.229.253.61
1212;228;190;81;4;2024-01-18 13:14:05;10.229.253.16
1213;81;41;157;10;2024-01-18 13:14:05;10.229.253.87
1214;14;213;44;5;2024-01-18 13:14:05;10.229.253.97
1215;225;69;182;2;2024-01-18 13:14:05;10.229.253.47
1216;18;49;141;11;2024-01-18 13:14:05;10.229.253.81
1217;241;80;120;6;2024-01-18 13:14:05;10.229.253.60
1218;114;4;18;14;2024-01-18 13:14:05;10.229.253.100
1219;231;245;190;0;2024-01-18 13:14:06;10.229.253.48
1220;217;168;178;6;2024-01-18 13:14:06;10.229.253.12
1221;31;54;11;13;2024-01-18 13:14:06;10.229.253.61
1222;108;145;71;13;2024-01-18 13:14:06;10.229.253.97
1223;172;50;169;2;2024-01-18 13:14:06;10.229.253.87
1224;44;214;252;3;2024-01-18 13:14:06;10.229.253.36
1225;225;69;182;2;2024-01-18 13:14:06;10.229.253.47
1226;45;93;217;11;2024-01-18 13:14:07;10.229.253.97
1227;204;183;59;4;2024-01-18 13:14:07;10.229.253.48
1228;214;181;31;4;2024-01-18 13:14:07;10.229.253.61
1229;61;213;231;3;2024-01-18 13:14:07;10.229.253.100
1230;236;90;63;1;2024-01-18 13:14:08;10.229.253.97
1231;67;216;106;5;2024-01-18 13:14:08;10.229.253.60
1232;219;154;48;1;2024-01-18 13:14:08;10.229.253.100
1233;114;58;85;2;2024-01-18 13:14:08;10.229.253.61
1234;95;103;198;10;2024-01-18 13:14:08;10.229.253.16
1235;147;237;106;5;2024-01-18 13:14:09;10.229.253.97
1236;158;77;51;12;2024-01-18 13:14:09;10.229.253.36
1237;8;209;180;3;2024-01-18 13:14:09;10.229.253.60
1238;41;231;82;5;2024-01-18 13:14:10;10.229.253.16
1239;40;23;40;7;2024-01-18 13:14:10;10.229.253.48
1240;240;216;225;6;2024-01-18 13:14:10;10.229.253.100
1241;110;154;87;5;2024-01-18 13:14:10;10.229.253.97
1242;61;25;182;11;2024-01-18 13:14:10;10.229.253.81
1243;184;199;151;5;2024-01-18 13:14:10;10.229.253.71
1244;159;16;108;2;2024-01-18 13:14:10;10.229.253.60
1245;151;171;154;5;2024-01-18 13:14:10;10.229.253.12
1246;53;249;125;5;2024-01-18 13:14:11;10.229.253.97
1247;111;110;7;12;2024-01-18 13:14:11;10.229.253.61
1248;196;60;182;2;2024-01-18 13:14:11;10.229.253.100
1249;244;132;174;6;2024-01-18 13:14:11;10.229.253.48
1250;14;102;137;3;2024-01-18 13:14:11;10.229.253.16
1251;54;184;152;3;2024-01-18 13:14:11;10.229.253.81
1252;220;50;50;14;2024-01-18 13:14:11;10.229.253.71
1253;8;173;193;3;2024-01-18 13:14:12;10.229.253.100
1254;39;50;79;11;2024-01-18 13:14:12;10.229.253.47
1255;31;221;193;3;2024-01-18 13:14:12;10.229.253.97
1256;191;33;186;2;2024-01-18 13:14:13;10.229.253.81
1257;113;151;109;3;2024-01-18 13:14:13;10.229.253.26
1258;254;193;82;4;2024-01-18 13:14:13;10.229.253.16
1259;67;168;133;5;2024-01-18 13:14:13;10.229.253.48
1260;224;83;84;14;2024-01-18 13:14:13;10.229.253.60
1261;88;35;25;12;2024-01-18 13:14:13;10.229.253.12
1262;120;232;69;5;2024-01-18 13:14:13;10.229.253.97
1263;87;162;70;13;2024-01-18 13:14:13;10.229.253.71
1264;164;165;241;3;2024-01-18 13:14:13;10.229.253.100
1265;1;244;253;3;2024-01-18 13:14:13;10.229.253.26
1266;154;231;105;5;2024-01-18 13:14:14;10.229.253.61
1267;22;187;138;5;2024-01-18 13:14:14;10.229.253.97
1268;153;155;198;8;2024-01-18 13:14:14;10.229.253.12
1269;137;208;169;3;2024-01-18 13:14:14;10.229.253.81
1270;86;192;126;5;2024-01-18 13:14:14;10.229.253.100
1271;236;109;217;2;2024-01-18 13:14:14;10.229.253.36
1272;208;73;191;2;2024-01-18 13:14:15;10.229.253.71
1273;143;84;132;10;2024-01-18 13:14:15;10.229.253.16
1274;153;141;89;4;2024-01-18 13:14:15;10.229.253.47
1275;133;91;224;10;2024-01-18 13:14:15;10.229.253.87
1276;219;74;214;2;2024-01-18 13:14:15;10.229.253.36
1277;148;7;162;10;2024-01-18 13:14:15;10.229.253.60
1278;61;202;139;5;2024-01-18 13:14:15;10.229.253.48
1279;196;126;143;6;2024-01-18 13:14:16;10.229.253.71
1280;137;50;31;12;2024-01-18 13:14:16;10.229.253.100
1281;208;12;99;2;2024-01-18 13:14:16;10.229.253.61
1282;189;154;163;6;2024-01-18 13:14:16;10.229.253.16
1283;208;217;83;5;2024-01-18 13:14:16;10.229.253.60
1284;64;108;136;3;2024-01-18 13:14:16;10.229.253.87
1285;163;161;89;5;2024-01-18 13:14:16;10.229.253.12
1286;167;123;225;10;2024-01-18 13:14:17;10.229.253.47
1287;214;158;247;10;2024-01-18 13:14:17;10.229.253.36
1288;242;182;2;4;2024-01-18 13:14:17;10.229.253.71
1289;126;34;153;10;2024-01-18 13:14:17;10.229.253.60
1290;186;167;220;8;2024-01-18 13:14:17;10.229.253.81
1291;5;12;15;15;2024-01-18 13:14:17;10.229.253.26
1292;171;103;78;1;2024-01-18 13:14:17;10.229.253.100
1293;238;59;10;14;2024-01-18 13:14:18;10.229.253.87
1294;40;134;245;3;2024-01-18 13:14:18;10.229.253.48
1295;181;104;233;10;2024-01-18 13:14:18;10.229.253.12
1296;127;121;109;8;2024-01-18 13:14:18;10.229.253.71
1297;171;55;82;2;2024-01-18 13:14:18;10.229.253.100
1298;251;55;213;2;2024-01-18 13:14:18;10.229.253.60
1299;238;41;166;2;2024-01-18 13:14:18;10.229.253.81
1300;240;159;85;1;2024-01-18 13:14:19;10.229.253.26
1301;203;112;110;6;2024-01-18 13:14:19;10.229.253.47
1302;31;92;210;11;2024-01-18 13:14:19;10.229.253.12
1303;127;69;169;10;2024-01-18 13:14:19;10.229.253.60
1304;237;91;160;2;2024-01-18 13:14:20;10.229.253.100
1305;112;235;39;5;2024-01-18 13:14:20;10.229.253.36
1306;99;36;116;10;2024-01-18 13:14:20;10.229.253.26
1307;146;61;18;1;2024-01-18 13:14:21;10.229.253.81
1308;126;142;77;13;2024-01-18 13:14:21;10.229.253.48
1309;48;220;132;5;2024-01-18 13:14:21;10.229.253.60
1310;251;126;252;2;2024-01-18 13:14:21;10.229.253.26
1311;2;227;114;5;2024-01-18 13:14:21;10.229.253.36
1312;116;169;149;3;2024-01-18 13:14:22;10.229.253.47
1313;191;47;190;2;2024-01-18 13:14:22;10.229.253.81
1314;193;127;194;6;2024-01-18 13:14:22;10.229.253.12
1315;250;212;30;4;2024-01-18 13:14:22;10.229.253.71
1316;64;52;109;10;2024-01-18 13:14:23;10.229.253.60
1317;173;3;66;14;2024-01-18 13:14:23;10.229.253.36
1318;23;84;138;11;2024-01-18 13:14:23;10.229.253.81
1319;189;61;27;1;2024-01-18 13:14:23;10.229.253.12
1320;106;20;91;10;2024-01-18 13:14:24;10.229.253.100
1321;19;121;114;3;2024-01-18 13:14:24;10.229.253.71
1322;12;220;209;3;2024-01-18 13:14:24;10.229.253.81
1323;214;26;33;14;2024-01-18 13:14:24;10.229.253.12
1324;130;46;193;10;2024-01-18 13:14:25;10.229.253.100
1325;103;143;170;11;2024-01-18 13:14:25;10.229.253.61
1326;43;7;199;11;2024-01-18 13:14:25;10.229.253.36
1327;252;53;103;2;2024-01-18 13:14:25;10.229.253.97
1328;252;175;202;6;2024-01-18 13:14:25;10.229.253.81
1329;177;56;19;1;2024-01-18 13:14:26;10.229.253.100
1330;146;254;125;3;2024-01-18 13:14:26;10.229.253.47
1331;121;156;5;13;2024-01-18 13:14:26;10.229.253.26
1332;149;143;25;3;2024-01-18 13:14:26;10.229.253.47
1333;55;27;94;10;2024-01-18 13:14:26;10.229.253.61
1334;248;175;64;4;2024-01-18 13:14:26;10.229.253.12
1335;233;47;135;2;2024-01-18 13:14:26;10.229.253.36
1336;248;248;137;4;2024-01-18 13:14:26;10.229.253.81
1337;229;116;155;6;2024-01-18 13:14:27;10.229.253.36
1338;173;16;220;2;2024-01-18 13:14:27;10.229.253.12
1339;107;174;250;3;2024-01-18 13:14:27;10.229.253.81
1340;55;27;94;10;2024-01-18 13:14:27;10.229.253.61
1341;171;140;135;6;2024-01-18 13:14:28;10.229.253.26
1342;175;104;114;2;2024-01-18 13:14:28;10.229.253.60
1343;17;8;31;15;2024-01-18 13:14:28;10.229.253.81
1344;223;215;22;4;2024-01-18 13:14:29;10.229.253.26
1345;213;174;47;4;2024-01-18 13:14:29;10.229.253.61
1346;191;183;91;4;2024-01-18 13:14:29;10.229.253.71
1347;102;224;126;5;2024-01-18 13:14:30;10.229.253.60
1348;133;147;198;3;2024-01-18 13:14:31;10.229.253.36
1349;171;244;165;5;2024-01-18 13:14:31;10.229.253.81
1350;6;45;0;15;2024-01-18 13:14:31;10.229.253.60
1351;204;136;98;1;2024-01-18 13:14:31;10.229.253.61
1352;129;140;170;3;2024-01-18 13:14:32;10.229.253.26
1353;254;166;9;4;2024-01-18 13:14:32;10.229.253.47
1354;184;26;166;2;2024-01-18 13:14:32;10.229.253.81
1355;190;118;77;1;2024-01-18 13:14:32;10.229.253.61
1356;187;141;68;1;2024-01-18 13:14:33;10.229.253.12
1357;230;10;167;2;2024-01-18 13:14:33;10.229.253.60
1358;183;252;227;3;2024-01-18 13:14:33;10.229.253.36
1359;234;115;217;2;2024-01-18 13:14:34;10.229.253.12
1360;251;53;37;14;2024-01-18 13:14:34;10.229.253.36
1361;173;126;83;1;2024-01-18 13:14:34;10.229.253.61
1362;254;46;222;2;2024-01-18 13:14:34;10.229.253.12
1363;134;125;45;4;2024-01-18 13:14:35;10.229.253.71
1364;176;102;21;12;2024-01-18 13:14:35;10.229.253.60
1365;128;92;108;8;2024-01-18 13:14:35;10.229.253.81
1366;152;230;123;5;2024-01-18 13:14:36;10.229.253.36
1367;104;30;10;14;2024-01-18 13:14:36;10.229.253.61
1368;221;227;136;4;2024-01-18 13:14:36;10.229.253.81
1369;76;107;154;3;2024-01-18 13:14:36;10.229.253.12
1370;231;47;223;2;2024-01-18 13:14:37;10.229.253.36
1371;99;82;88;8;2024-01-18 13:14:37;10.229.253.26
1372;204;124;177;2;2024-01-18 13:14:37;10.229.253.36
1373;60;98;250;11;2024-01-18 13:14:38;10.229.253.61
1374;230;223;79;4;2024-01-18 13:14:38;10.229.253.26
1375;145;73;128;2;2024-01-18 13:14:38;10.229.253.12
1376;129;221;110;5;2024-01-18 13:14:39;10.229.253.36
1377;208;48;28;14;2024-01-18 13:14:39;10.229.253.61
1378;232;205;248;6;2024-01-18 13:14:39;10.229.253.26
1379;97;60;121;10;2024-01-18 13:14:39;10.229.253.81
1380;98;78;98;7;2024-01-18 13:14:40;10.229.253.12
1381;96;185;151;5;2024-01-18 13:14:40;10.229.253.36
1382;184;174;121;8;2024-01-18 13:14:41;10.229.253.81
1383;250;1;77;14;2024-01-18 13:14:41;10.229.253.26
1384;52;217;151;5;2024-01-18 13:14:41;10.229.253.36
1385;175;250;4;5;2024-01-18 13:14:42;10.229.253.81
1386;192;196;121;4;2024-01-18 13:14:42;10.229.253.36
1387;105;185;7;13;2024-01-18 13:14:44;10.229.253.81
1388;157;241;187;3;2024-01-18 13:14:45;10.229.253.81
1389;142;55;115;2;2024-01-18 13:14:46;10.229.253.36
1390;94;162;195;3;2024-01-18 13:14:47;10.229.253.26
1391;29;82;31;13;2024-01-18 13:14:48;10.229.253.26
1392;165;115;159;2;2024-01-18 13:14:49;10.229.253.12
1393;111;90;50;12;2024-01-18 13:14:49;10.229.253.26
1394;188;160;225;6;2024-01-18 13:14:49;10.229.253.36
1395;32;144;136;3;2024-01-18 13:14:50;10.229.253.81
1396;5;39;244;11;2024-01-18 13:14:50;10.229.253.12
1397;104;79;25;12;2024-01-18 13:14:51;10.229.253.36
1398;3;141;38;5;2024-01-18 13:14:51;10.229.253.12
1399;4;144;7;13;2024-01-18 13:14:51;10.229.253.81
1400;20;216;221;3;2024-01-18 13:14:52;10.229.253.36
1401;47;174;1;5;2024-01-18 13:14:52;10.229.253.12
1402;140;40;242;10;2024-01-18 13:14:52;10.229.253.81
1403;56;82;79;11;2024-01-18 13:14:53;10.229.253.26
1404;120;226;206;10;2024-01-18 13:14:53;10.229.253.81
1405;90;136;117;5;2024-01-18 13:14:53;10.229.253.12
1406;115;213;14;5;2024-01-18 13:14:55;10.229.253.36
1407;176;92;210;2;2024-01-18 13:14:55;10.229.253.12
1408;10;202;74;5;2024-01-18 13:14:55;10.229.253.26
1409;219;230;82;4;2024-01-18 13:14:55;10.229.253.81
1410;155;77;153;2;2024-01-18 13:14:55;10.229.253.12
1411;53;179;114;13;2024-01-18 13:14:56;10.229.253.36
1412;122;235;64;5;2024-01-18 13:14:56;10.229.253.81
1413;77;254;56;5;2024-01-18 13:14:56;10.229.253.12
1414;48;166;241;11;2024-01-18 13:14:57;10.229.253.36
1415;198;241;13;5;2024-01-18 13:14:57;10.229.253.12
1416;78;123;193;3;2024-01-18 13:14:58;10.229.253.26
1417;98;39;36;12;2024-01-18 13:14:58;10.229.253.12
1418;93;235;136;5;2024-01-18 13:14:59;10.229.253.36
1419;47;12;60;10;2024-01-18 13:14:59;10.229.253.26
1420;91;47;113;10;2024-01-18 13:15:00;10.229.253.36
1421;58;80;113;11;2024-01-18 13:15:00;10.229.253.12
1422;225;86;93;14;2024-01-18 13:15:00;10.229.253.81
1423;11;81;52;13;2024-01-18 13:15:01;10.229.253.36
1424;62;100;193;11;2024-01-18 13:15:01;10.229.253.26
1425;125;53;42;12;2024-01-18 13:15:03;10.229.253.36
1426;70;48;172;10;2024-01-18 13:15:03;10.229.253.26
1427;74;239;219;3;2024-01-18 13:15:04;10.229.253.36
1428;188;16;93;2;2024-01-18 13:15:04;10.229.253.81
1429;222;113;29;1;2024-01-18 13:15:05;10.229.253.36
1430;26;148;181;3;2024-01-18 13:15:06;10.229.253.81
1431;2;146;177;11;2024-01-18 13:15:06;10.229.253.26
1432;3;191;11;13;2024-01-18 13:15:07;10.229.253.36
1433;168;125;213;10;2024-01-18 13:15:08;10.229.253.36
1434;73;220;141;3;2024-01-18 13:15:11;10.229.253.81
1435;170;33;226;10;2024-01-18 13:15:13;10.229.253.81
1436;135;245;181;3;2024-01-18 13:15:14;10.229.253.81
1437;164;253;201;3;2024-01-18 13:15:15;10.229.253.81
1438;91;187;205;3;2024-01-18 13:15:17;10.229.253.81
1439;233;250;49;4;2024-01-18 13:15:18;10.229.253.81
1440;121;251;183;3;2024-01-18 13:15:47;10.229.253.97
1441;210;101;50;1;2024-01-18 13:15:48;10.229.253.97
1442;105;2;94;10;2024-01-18 13:15:49;10.229.253.97
1443;112;109;225;10;2024-01-18 13:15:50;10.229.253.97
1444;234;253;35;4;2024-01-18 13:15:51;10.229.253.97
1445;76;207;56;5;2024-01-18 13:16:02;10.229.253.97
1446;100;248;133;5;2024-01-18 13:16:03;10.229.253.97
1447;57;72;186;11;2024-01-18 13:16:04;10.229.253.97
1448;17;9;201;11;2024-01-18 13:16:04;10.229.253.97
1449;13;252;249;3;2024-01-18 13:16:05;10.229.253.97
1450;180;213;191;8;2024-01-18 13:16:07;10.229.253.97
1451;131;200;197;3;2024-01-18 13:16:09;10.229.253.97
1452;177;71;158;10;2024-01-18 13:16:11;10.229.253.97
1453;109;59;138;10;2024-01-18 13:16:11;10.229.253.97
1454;9;126;109;3;2024-01-18 13:16:12;10.229.253.16
1455;213;84;142;2;2024-01-18 13:16:12;10.229.253.97
1456;175;253;116;5;2024-01-18 13:16:13;10.229.253.16
1457;146;3;167;10;2024-01-18 13:16:13;10.229.253.97
1458;209;230;118;5;2024-01-18 13:16:14;10.229.253.97
1459;113;143;244;11;2024-01-18 13:16:16;10.229.253.16
1460;188;98;109;12;2024-01-18 13:16:16;10.229.253.97
1461;215;179;112;4;2024-01-18 13:16:17;10.229.253.16
1462;95;191;49;13;2024-01-18 13:16:18;10.229.253.97
1463;180;142;223;10;2024-01-18 13:16:19;10.229.253.97
1464;247;140;230;6;2024-01-18 13:16:19;10.229.253.16
1465;181;22;233;10;2024-01-18 13:16:20;10.229.253.97
1466;251;169;202;6;2024-01-18 13:16:20;10.229.253.16
1467;1;24;127;11;2024-01-18 13:16:21;10.229.253.97
1468;176;77;69;12;2024-01-18 13:16:21;10.229.253.36
1469;138;155;65;5;2024-01-18 13:16:21;10.229.253.16
1470;28;246;42;5;2024-01-18 13:16:22;10.229.253.16
1471;103;244;235;3;2024-01-18 13:16:23;10.229.253.36
1472;117;49;217;10;2024-01-18 13:16:23;10.229.253.97
1473;102;32;7;14;2024-01-18 13:16:24;10.229.253.16
1474;12;20;41;15;2024-01-18 13:16:24;10.229.253.36
1475;34;93;80;13;2024-01-18 13:16:26;10.229.253.36
1476;195;102;107;12;2024-01-18 13:16:27;10.229.253.97
1477;120;189;195;3;2024-01-18 13:16:27;10.229.253.16
1478;185;75;191;2;2024-01-18 13:16:28;10.229.253.36
1479;114;79;218;10;2024-01-18 13:16:28;10.229.253.97
1480;33;152;184;3;2024-01-18 13:16:28;10.229.253.16
1481;237;130;3;1;2024-01-18 13:16:28;10.229.253.36
1482;6;87;48;13;2024-01-18 13:16:29;10.229.253.97
1483;91;157;56;13;2024-01-18 13:16:29;10.229.253.16
1484;130;30;17;12;2024-01-18 13:16:30;10.229.253.97
1485;208;109;67;1;2024-01-18 13:16:31;10.229.253.16
1486;235;189;126;4;2024-01-18 13:16:31;10.229.253.36
1487;137;76;158;2;2024-01-18 13:16:32;10.229.253.36
1488;144;147;6;13;2024-01-18 13:16:33;10.229.253.97
1489;75;4;135;10;2024-01-18 13:16:33;10.229.253.36
1490;125;252;80;5;2024-01-18 13:16:34;10.229.253.16
1491;212;14;133;2;2024-01-18 13:16:34;10.229.253.36
1492;238;86;161;2;2024-01-18 13:16:35;10.229.253.97
1493;210;47;10;14;2024-01-18 13:16:35;10.229.253.16
1494;189;1;207;2;2024-01-18 13:16:35;10.229.253.36
1495;145;236;233;3;2024-01-18 13:16:36;10.229.253.16
1496;177;205;226;3;2024-01-18 13:16:37;10.229.253.36
1497;244;208;234;6;2024-01-18 13:16:37;10.229.253.97
1498;99;198;73;5;2024-01-18 13:16:38;10.229.253.36
1499;217;136;218;2;2024-01-18 13:16:38;10.229.253.16
1500;15;215;29;5;2024-01-18 13:16:38;10.229.253.97
1501;217;90;157;6;2024-01-18 13:16:39;10.229.253.36
1502;125;62;105;10;2024-01-18 13:16:39;10.229.253.16
1503;216;99;73;1;2024-01-18 13:16:40;10.229.253.36
1504;192;62;87;14;2024-01-18 13:16:40;10.229.253.97
1505;14;78;3;13;2024-01-18 13:16:40;10.229.253.16
1506;7;207;147;3;2024-01-18 13:16:42;10.229.253.16
1507;155;10;135;2;2024-01-18 13:16:43;10.229.253.97
1508;155;151;145;8;2024-01-18 13:16:43;10.229.253.16
1509;60;2;152;10;2024-01-18 13:16:45;10.229.253.16
1510;63;203;170;3;2024-01-18 13:16:45;10.229.253.97
1511;164;249;20;5;2024-01-18 13:16:46;10.229.253.16
1512;140;232;11;5;2024-01-18 13:16:47;10.229.253.97
1513;164;199;131;5;2024-01-18 13:16:47;10.229.253.16
1514;20;90;81;13;2024-01-18 13:16:49;10.229.253.36
1515;233;44;162;2;2024-01-18 13:16:49;10.229.253.16
1516;159;149;208;10;2024-01-18 13:16:49;10.229.253.97
1517;228;228;76;4;2024-01-18 13:16:50;10.229.253.97
1518;179;15;49;14;2024-01-18 13:16:50;10.229.253.16
1519;229;181;168;0;2024-01-18 13:16:50;10.229.253.36
1520;95;237;55;5;2024-01-18 13:16:51;10.229.253.16
1521;153;110;93;12;2024-01-18 13:16:51;10.229.253.97
1522;216;101;66;1;2024-01-18 13:16:52;10.229.253.16
1523;230;247;193;4;2024-01-18 13:16:53;10.229.253.97
1524;187;75;223;10;2024-01-18 13:16:56;10.229.253.97
1525;36;83;222;11;2024-01-18 13:16:58;10.229.253.97
1526;158;107;151;2;2024-01-18 13:17:06;10.229.253.36
1527;100;90;20;12;2024-01-18 13:17:07;10.229.253.36
1528;217;109;244;2;2024-01-18 13:17:09;10.229.253.36
1529;111;147;74;5;2024-01-18 13:17:10;10.229.253.36
1530;144;163;145;8;2024-01-18 13:17:11;10.229.253.36
1531;135;127;153;8;2024-01-18 13:17:13;10.229.253.36
